1,1,260,Suite,2
1,2,260,Suite,2
1,3,530,Suite,4
1,4,50,Standard,1
1,5,50,Standard,1
1,6,530,Suite,4
1,7,110,Standard,2
1,8,570,Apartment-style,3
1,9,220,Connecting,4
1,10,280,Deluxe,3
1,11,190,Apartment-style,1
1,12,380,Apartment-style,2
1,13,50,Standard,1
1,14,130,Suite,1
1,15,280,Deluxe,3
1,16,400,Suite,3
1,17,220,Standard,4
1,18,130,Suite,1
1,19,280,Deluxe,3
2,1,90,Connecting,3
2,2,60,Connecting,2
2,3,120,Standard,4
2,4,50,Deluxe,1
2,5,120,Connecting,4
2,6,60,Standard,2
2,7,180,Connecting,6
2,8,200,Deluxe,4
2,9,60,Connecting,2
2,10,280,Suite,4
2,11,150,Connecting,5
2,12,60,Standard,2
2,13,50,Deluxe,1
2,14,400,Apartment-style,4
2,15,140,Suite,2
2,16,30,Standard,1
2,17,210,Suite,3
2,18,400,Apartment-style,4
2,19,150,Connecting,5
2,20,30,Standard,1
2,21,200,Deluxe,4
2,22,100,Apartment-style,1
2,23,100,Deluxe,2
2,24,70,Suite,1
2,25,200,Apartment-style,2
2,26,180,Connecting,6
2,27,210,Suite,3
2,28,300,Apartment-style,3
2,29,60,Connecting,2
2,30,210,Suite,3
2,31,300,Apartment-style,3
2,32,120,Standard,4
2,33,400,Apartment-style,4
2,34,150,Connecting,5
2,35,140,Suite,2
2,36,60,Connecting,2
2,37,120,Standard,4
2,38,90,Standard,3
2,39,300,Apartment-style,3
2,40,210,Suite,3
2,41,200,Deluxe,4
2,42,200,Deluxe,4
2,43,180,Connecting,6
2,44,60,Connecting,2
2,45,300,Apartment-style,3
2,46,280,Suite,4
2,47,200,Deluxe,4
2,48,300,Apartment-style,3
2,49,150,Connecting,5
2,50,50,Deluxe,1
2,51,60,Connecting,2
2,52,150,Connecting,5
2,53,50,Deluxe,1
2,54,150,Deluxe,3
2,55,60,Standard,2
2,56,280,Suite,4
2,57,280,Suite,4
2,58,50,Deluxe,1
2,59,90,Standard,3
2,60,180,Connecting,6
2,61,200,Deluxe,4
2,62,400,Apartment-style,4
2,63,30,Standard,1
2,64,90,Standard,3
2,65,60,Standard,2
2,66,90,Standard,3
2,67,100,Deluxe,2
2,68,150,Deluxe,3
2,69,70,Suite,1
2,70,200,Apartment-style,2
2,71,140,Suite,2
2,72,60,Standard,2
2,73,90,Standard,3
2,74,150,Deluxe,3
2,75,50,Deluxe,1
2,76,90,Standard,3
2,77,50,Deluxe,1
2,78,200,Apartment-style,2
3,1,140,Apartment-style,1
3,2,140,Apartment-style,1
3,3,120,Connecting,3
3,4,390,Suite,4
3,5,80,Standard,2
3,6,250,Connecting,6
3,7,170,Standard,4
3,8,420,Apartment-style,3
3,9,560,Apartment-style,4
3,10,420,Apartment-style,3
3,11,70,Deluxe,1
3,12,420,Apartment-style,3
3,13,190,Suite,2
3,14,140,Apartment-style,1
3,15,420,Apartment-style,3
3,16,40,Standard,1
3,17,140,Deluxe,2
3,18,250,Connecting,6
3,19,210,Deluxe,3
3,20,170,Standard,4
3,21,420,Apartment-style,3
3,22,170,Connecting,4
3,23,140,Deluxe,2
3,24,210,Connecting,5
3,25,90,Suite,1
3,26,140,Apartment-style,1
3,27,420,Apartment-style,3
3,28,90,Suite,1
3,29,40,Standard,1
3,30,70,Deluxe,1
3,31,390,Suite,4
3,32,70,Deluxe,1
3,33,390,Suite,4
3,34,280,Apartment-style,2
3,35,70,Deluxe,1
3,36,250,Connecting,6
3,37,80,Connecting,2
3,38,80,Connecting,2
3,39,170,Standard,4
3,40,280,Deluxe,4
3,41,80,Standard,2
3,42,250,Connecting,6
3,43,80,Connecting,2
3,44,70,Deluxe,1
3,45,280,Deluxe,4
3,46,420,Apartment-style,3
3,47,210,Deluxe,3
3,48,120,Standard,3
3,49,140,Apartment-style,1
3,50,170,Connecting,4
3,51,120,Standard,3
3,52,80,Connecting,2
3,53,80,Standard,2
3,54,210,Connecting,5
3,55,80,Connecting,2
3,56,80,Standard,2
3,57,90,Suite,1
3,58,250,Connecting,6
3,59,280,Apartment-style,2
3,60,280,Deluxe,4
3,61,170,Connecting,4
3,62,80,Connecting,2
3,63,140,Deluxe,2
3,64,140,Deluxe,2
3,65,190,Suite,2
3,66,210,Deluxe,3
3,67,390,Suite,4
3,68,390,Suite,4
3,69,250,Connecting,6
3,70,190,Suite,2
3,71,190,Suite,2
3,72,290,Suite,3
3,73,140,Deluxe,2
3,74,280,Deluxe,4
3,75,120,Standard,3
3,76,90,Suite,1
3,77,190,Suite,2
3,78,210,Deluxe,3
3,79,170,Connecting,4
3,80,290,Suite,3
3,81,70,Deluxe,1
3,82,210,Connecting,5
3,83,120,Connecting,3
3,84,120,Standard,3
3,85,290,Suite,3
3,86,70,Deluxe,1
3,87,280,Apartment-style,2
3,88,120,Connecting,3
3,89,390,Suite,4
3,90,390,Suite,4
3,91,560,Apartment-style,4
3,92,120,Connecting,3
3,93,120,Standard,3
3,94,140,Deluxe,2
3,95,120,Standard,3
3,96,70,Deluxe,1
3,97,70,Deluxe,1
3,98,420,Apartment-style,3
3,99,280,Apartment-style,2
3,100,170,Standard,4
3,101,40,Standard,1
3,102,390,Suite,4
3,103,420,Apartment-style,3
3,104,140,Deluxe,2
3,105,80,Standard,2
3,106,40,Standard,1
3,107,70,Deluxe,1
3,108,280,Apartment-style,2
3,109,210,Connecting,5
3,110,190,Suite,2
3,111,280,Deluxe,4
3,112,280,Apartment-style,2
3,113,140,Apartment-style,1
4,1,350,Deluxe,4
4,2,350,Deluxe,4
4,3,210,Standard,4
4,4,710,Apartment-style,4
4,5,260,Deluxe,3
4,6,350,Deluxe,4
4,7,370,Suite,3
4,8,210,Standard,4
4,9,160,Standard,3
4,10,120,Suite,1
4,11,160,Standard,3
4,12,210,Connecting,4
4,13,160,Standard,3
4,14,120,Suite,1
4,15,100,Standard,2
4,16,100,Connecting,2
4,17,260,Deluxe,3
4,18,240,Suite,2
4,19,170,Apartment-style,1
4,20,240,Suite,2
4,21,120,Suite,1
4,22,160,Connecting,3
4,23,320,Connecting,6
4,24,210,Connecting,4
4,25,160,Standard,3
4,26,260,Connecting,5
4,27,160,Connecting,3
4,28,490,Suite,4
4,29,170,Apartment-style,1
4,30,160,Connecting,3
4,31,260,Connecting,5
4,32,260,Connecting,5
4,33,120,Suite,1
4,34,370,Suite,3
4,35,80,Deluxe,1
4,36,320,Connecting,6
4,37,260,Connecting,5
4,38,260,Connecting,5
4,39,490,Suite,4
4,40,170,Deluxe,2
4,41,490,Suite,4
4,42,370,Suite,3
4,43,210,Standard,4
4,44,710,Apartment-style,4
4,45,50,Standard,1
4,46,350,Deluxe,4
4,47,100,Standard,2
4,48,160,Standard,3
4,49,530,Apartment-style,3
4,50,490,Suite,4
4,51,260,Deluxe,3
4,52,350,Deluxe,4
4,53,530,Apartment-style,3
4,54,210,Connecting,4
4,55,170,Deluxe,2
4,56,210,Standard,4
4,57,260,Deluxe,3
4,58,490,Suite,4
4,59,170,Deluxe,2
4,60,210,Standard,4
4,61,370,Suite,3
4,62,350,Apartment-style,2
4,63,350,Deluxe,4
4,64,370,Suite,3
4,65,120,Suite,1
4,66,490,Suite,4
4,67,100,Connecting,2
4,68,530,Apartment-style,3
4,69,120,Suite,1
4,70,260,Deluxe,3
4,71,370,Suite,3
4,72,50,Standard,1
4,73,120,Suite,1
4,74,350,Deluxe,4
4,75,490,Suite,4
4,76,160,Connecting,3
4,77,100,Standard,2
4,78,100,Standard,2
4,79,710,Apartment-style,4
4,80,120,Suite,1
4,81,160,Connecting,3
4,82,50,Standard,1
4,83,350,Apartment-style,2
4,84,530,Apartment-style,3
4,85,170,Deluxe,2
4,86,260,Deluxe,3
4,87,100,Standard,2
4,88,710,Apartment-style,4
4,89,370,Suite,3
4,90,530,Apartment-style,3
4,91,260,Deluxe,3
4,92,120,Suite,1
4,93,490,Suite,4
4,94,710,Apartment-style,4
4,95,490,Suite,4
4,96,260,Connecting,5
4,97,210,Standard,4
4,98,210,Standard,4
4,99,170,Apartment-style,1
4,100,710,Apartment-style,4
4,101,170,Apartment-style,1
4,102,210,Standard,4
4,103,490,Suite,4
4,104,100,Standard,2
4,105,50,Standard,1
4,106,370,Suite,3
4,107,80,Deluxe,1
4,108,160,Standard,3
4,109,240,Suite,2
4,110,260,Deluxe,3
4,111,530,Apartment-style,3
4,112,170,Deluxe,2
4,113,260,Deluxe,3
4,114,710,Apartment-style,4
4,115,370,Suite,3
4,116,260,Deluxe,3
4,117,530,Apartment-style,3
4,118,100,Connecting,2
4,119,160,Standard,3
4,120,240,Suite,2
4,121,490,Suite,4
4,122,170,Apartment-style,1
4,123,210,Standard,4
4,124,350,Apartment-style,2
4,125,530,Apartment-style,3
4,126,370,Suite,3
4,127,710,Apartment-style,4
4,128,260,Deluxe,3
4,129,210,Standard,4
4,130,210,Connecting,4
4,131,710,Apartment-style,4
4,132,160,Connecting,3
4,133,170,Apartment-style,1
4,134,710,Apartment-style,4
4,135,350,Apartment-style,2
4,136,50,Standard,1
4,137,120,Suite,1
4,138,240,Suite,2
4,139,530,Apartment-style,3
4,140,350,Apartment-style,2
4,141,320,Connecting,6
4,142,100,Standard,2
4,143,260,Deluxe,3
4,144,120,Suite,1
4,145,160,Connecting,3
4,146,530,Apartment-style,3
4,147,710,Apartment-style,4
4,148,100,Standard,2
4,149,710,Apartment-style,4
4,150,80,Deluxe,1
4,151,100,Standard,2
4,152,260,Deluxe,3
4,153,260,Connecting,5
4,154,120,Suite,1
4,155,100,Standard,2
4,156,320,Connecting,6
4,157,530,Apartment-style,3
4,158,80,Deluxe,1
4,159,710,Apartment-style,4
4,160,170,Apartment-style,1
4,161,370,Suite,3
4,162,530,Apartment-style,3
4,163,100,Connecting,2
4,164,170,Apartment-style,1
4,165,170,Apartment-style,1
4,166,160,Standard,3
4,167,710,Apartment-style,4
4,168,210,Standard,4
4,169,170,Apartment-style,1
4,170,160,Connecting,3
4,171,490,Suite,4
4,172,100,Standard,2
4,173,170,Apartment-style,1
5,1,90,Suite,1
5,2,290,Suite,3
5,3,280,Deluxe,4
5,4,420,Apartment-style,3
5,5,40,Standard,1
5,6,250,Connecting,6
5,7,280,Apartment-style,2
5,8,40,Standard,1
5,9,570,Apartment-style,4
5,10,280,Deluxe,4
5,11,210,Connecting,5
5,12,210,Connecting,5
5,13,190,Suite,2
5,14,290,Suite,3
5,15,170,Standard,4
5,16,70,Deluxe,1
5,17,140,Deluxe,2
5,18,80,Standard,2
5,19,210,Connecting,5
5,20,210,Connecting,5
5,21,80,Connecting,2
5,22,40,Standard,1
5,23,140,Apartment-style,1
5,24,140,Deluxe,2
5,25,290,Suite,3
5,26,210,Deluxe,3
5,27,80,Standard,2
5,28,40,Standard,1
5,29,210,Deluxe,3
5,30,140,Apartment-style,1
5,31,190,Suite,2
5,32,280,Apartment-style,2
5,33,280,Apartment-style,2
5,34,140,Apartment-style,1
5,35,390,Suite,4
5,36,80,Standard,2
5,37,290,Suite,3
5,38,80,Standard,2
5,39,90,Suite,1
5,40,140,Apartment-style,1
5,41,190,Suite,2
5,42,390,Suite,4
5,43,170,Standard,4
5,44,80,Connecting,2
5,45,90,Suite,1
5,46,80,Connecting,2
5,47,420,Apartment-style,3
5,48,190,Suite,2
5,49,90,Suite,1
5,50,70,Deluxe,1
5,51,90,Suite,1
5,52,250,Connecting,6
5,53,170,Standard,4
5,54,80,Connecting,2
5,55,140,Apartment-style,1
5,56,210,Deluxe,3
5,57,280,Deluxe,4
5,58,250,Connecting,6
5,59,70,Deluxe,1
5,60,210,Deluxe,3
5,61,70,Deluxe,1
5,62,390,Suite,4
5,63,170,Standard,4
5,64,280,Deluxe,4
5,65,90,Suite,1
5,66,190,Suite,2
5,67,190,Suite,2
5,68,120,Connecting,3
5,69,250,Connecting,6
5,70,290,Suite,3
5,71,570,Apartment-style,4
5,72,90,Suite,1
5,73,140,Deluxe,2
5,74,140,Apartment-style,1
5,75,190,Suite,2
5,76,420,Apartment-style,3
5,77,170,Standard,4
5,78,280,Apartment-style,2
5,79,40,Standard,1
5,80,120,Connecting,3
5,81,570,Apartment-style,4
5,82,140,Deluxe,2
5,83,140,Deluxe,2
5,84,140,Apartment-style,1
5,85,80,Standard,2
5,86,570,Apartment-style,4
5,87,120,Connecting,3
5,88,70,Deluxe,1
5,89,210,Connecting,5
5,90,170,Standard,4
5,91,120,Connecting,3
5,92,140,Apartment-style,1
5,93,280,Deluxe,4
5,94,80,Connecting,2
5,95,420,Apartment-style,3
5,96,40,Standard,1
5,97,140,Apartment-style,1
5,98,120,Standard,3
5,99,390,Suite,4
5,100,570,Apartment-style,4
5,101,80,Standard,2
5,102,80,Connecting,2
5,103,170,Standard,4
5,104,170,Standard,4
5,105,70,Deluxe,1
5,106,290,Suite,3
5,107,140,Deluxe,2
5,108,290,Suite,3
5,109,190,Suite,2
5,110,210,Deluxe,3
5,111,170,Standard,4
5,112,210,Connecting,5
5,113,210,Deluxe,3
5,114,280,Apartment-style,2
5,115,280,Deluxe,4
5,116,280,Apartment-style,2
5,117,210,Deluxe,3
5,118,140,Apartment-style,1
5,119,120,Standard,3
5,120,170,Standard,4
5,121,390,Suite,4
5,122,390,Suite,4
5,123,40,Standard,1
5,124,190,Suite,2
5,125,120,Connecting,3
5,126,90,Suite,1
5,127,140,Apartment-style,1
5,128,290,Suite,3
5,129,170,Standard,4
5,130,120,Standard,3
5,131,170,Connecting,4
5,132,280,Apartment-style,2
5,133,70,Deluxe,1
5,134,390,Suite,4
5,135,170,Connecting,4
5,136,280,Deluxe,4
5,137,70,Deluxe,1
5,138,40,Standard,1
5,139,210,Deluxe,3
5,140,250,Connecting,6
5,141,420,Apartment-style,3
5,142,170,Standard,4
5,143,570,Apartment-style,4
5,144,210,Deluxe,3
5,145,140,Apartment-style,1
5,146,280,Apartment-style,2
5,147,250,Connecting,6
5,148,170,Standard,4
5,149,120,Standard,3
5,150,120,Connecting,3
5,151,120,Connecting,3
5,152,80,Standard,2
5,153,280,Deluxe,4
5,154,170,Standard,4
5,155,120,Connecting,3
5,156,120,Standard,3
5,157,390,Suite,4
5,158,80,Standard,2
5,159,570,Apartment-style,4
5,160,140,Apartment-style,1
5,161,390,Suite,4
5,162,80,Standard,2
5,163,140,Deluxe,2
5,164,280,Deluxe,4
5,165,170,Connecting,4
5,166,290,Suite,3
5,167,420,Apartment-style,3
5,168,80,Standard,2
5,169,120,Standard,3
5,170,210,Deluxe,3
5,171,390,Suite,4
5,172,420,Apartment-style,3
5,173,170,Standard,4
5,174,70,Deluxe,1
5,175,90,Suite,1
5,176,80,Connecting,2
5,177,120,Standard,3
5,178,210,Deluxe,3
5,179,90,Suite,1
5,180,120,Connecting,3
5,181,80,Standard,2
5,182,70,Deluxe,1
5,183,290,Suite,3
5,184,280,Deluxe,4
5,185,170,Connecting,4
5,186,280,Deluxe,4
5,187,120,Standard,3
5,188,90,Suite,1
5,189,250,Connecting,6
5,190,210,Deluxe,3
5,191,170,Connecting,4
5,192,170,Standard,4
5,193,290,Suite,3
5,194,90,Suite,1
6,1,70,Suite,1
6,2,280,Suite,4
6,3,180,Connecting,6
6,4,140,Suite,2
6,5,280,Suite,4
6,6,70,Suite,1
6,7,140,Suite,2
6,8,90,Standard,3
6,9,180,Connecting,6
6,10,200,Apartment-style,2
6,11,90,Connecting,3
6,12,120,Standard,4
6,13,280,Suite,4
6,14,280,Suite,4
6,15,140,Suite,2
6,16,50,Deluxe,1
6,17,90,Connecting,3
6,18,30,Standard,1
6,19,90,Standard,3
6,20,60,Standard,2
6,21,180,Connecting,6
6,22,200,Apartment-style,2
6,23,180,Connecting,6
6,24,400,Apartment-style,4
6,25,100,Deluxe,2
6,26,90,Standard,3
6,27,150,Deluxe,3
6,28,300,Apartment-style,3
6,29,30,Standard,1
6,30,100,Deluxe,2
6,31,60,Connecting,2
6,32,100,Deluxe,2
6,33,210,Suite,3
6,34,210,Suite,3
6,35,120,Connecting,4
6,36,210,Suite,3
6,37,100,Deluxe,2
6,38,90,Standard,3
6,39,120,Connecting,4
6,40,150,Deluxe,3
6,41,100,Deluxe,2
6,42,90,Connecting,3
6,43,60,Standard,2
6,44,120,Connecting,4
6,45,150,Deluxe,3
6,46,280,Suite,4
6,47,60,Standard,2
6,48,50,Deluxe,1
6,49,60,Connecting,2
7,1,160,Standard,3
7,2,160,Standard,3
7,3,180,Apartment-style,1
7,4,370,Deluxe,4
7,5,90,Deluxe,1
7,6,90,Deluxe,1
7,7,160,Connecting,3
7,8,740,Apartment-style,4
7,9,160,Connecting,3
7,10,330,Connecting,6
7,11,130,Suite,1
7,12,330,Connecting,6
7,13,270,Connecting,5
7,14,270,Deluxe,3
7,15,390,Suite,3
7,16,110,Standard,2
7,17,90,Deluxe,1
7,18,160,Standard,3
7,19,50,Standard,1
7,20,330,Connecting,6
7,21,50,Standard,1
7,22,180,Apartment-style,1
7,23,180,Deluxe,2
7,24,270,Deluxe,3
7,25,160,Connecting,3
7,26,160,Connecting,3
7,27,110,Connecting,2
7,28,130,Suite,1
7,29,180,Deluxe,2
7,30,50,Standard,1
7,31,130,Suite,1
7,32,180,Apartment-style,1
7,33,740,Apartment-style,4
7,34,160,Standard,3
7,35,180,Apartment-style,1
7,36,740,Apartment-style,4
7,37,90,Deluxe,1
7,38,160,Connecting,3
7,39,180,Deluxe,2
7,40,180,Deluxe,2
7,41,270,Deluxe,3
7,42,90,Deluxe,1
7,43,50,Standard,1
7,44,220,Standard,4
7,45,180,Apartment-style,1
7,46,270,Connecting,5
7,47,550,Apartment-style,3
7,48,130,Suite,1
7,49,90,Deluxe,1
7,50,90,Deluxe,1
7,51,110,Connecting,2
7,52,130,Suite,1
7,53,520,Suite,4
7,54,740,Apartment-style,4
7,55,390,Suite,3
7,56,550,Apartment-style,3
7,57,270,Connecting,5
7,58,260,Suite,2
7,59,50,Standard,1
7,60,220,Standard,4
7,61,180,Apartment-style,1
7,62,520,Suite,4
7,63,330,Connecting,6
7,64,520,Suite,4
7,65,550,Apartment-style,3
7,66,370,Apartment-style,2
7,67,740,Apartment-style,4
7,68,180,Deluxe,2
7,69,390,Suite,3
7,70,370,Deluxe,4
7,71,90,Deluxe,1
7,72,130,Suite,1
7,73,160,Connecting,3
7,74,370,Deluxe,4
7,75,180,Deluxe,2
7,76,160,Standard,3
7,77,130,Suite,1
7,78,220,Standard,4
7,79,370,Deluxe,4
7,80,180,Apartment-style,1
7,81,180,Deluxe,2
7,82,90,Deluxe,1
7,83,370,Deluxe,4
7,84,270,Deluxe,3
7,85,160,Standard,3
7,86,270,Deluxe,3
7,87,260,Suite,2
7,88,390,Suite,3
7,89,260,Suite,2
7,90,270,Connecting,5
7,91,130,Suite,1
7,92,550,Apartment-style,3
7,93,550,Apartment-style,3
7,94,330,Connecting,6
7,95,220,Connecting,4
7,96,740,Apartment-style,4
7,97,160,Standard,3
7,98,740,Apartment-style,4
7,99,370,Deluxe,4
7,100,220,Connecting,4
7,101,220,Standard,4
7,102,270,Deluxe,3
7,103,370,Deluxe,4
7,104,520,Suite,4
7,105,50,Standard,1
7,106,270,Deluxe,3
7,107,370,Apartment-style,2
7,108,390,Suite,3
7,109,110,Connecting,2
7,110,740,Apartment-style,4
7,111,520,Suite,4
7,112,520,Suite,4
7,113,130,Suite,1
7,114,50,Standard,1
7,115,520,Suite,4
7,116,50,Standard,1
7,117,390,Suite,3
7,118,370,Deluxe,4
7,119,110,Connecting,2
7,120,550,Apartment-style,3
7,121,260,Suite,2
7,122,160,Standard,3
7,123,50,Standard,1
7,124,50,Standard,1
7,125,90,Deluxe,1
7,126,270,Deluxe,3
7,127,90,Deluxe,1
7,128,370,Deluxe,4
7,129,260,Suite,2
7,130,370,Apartment-style,2
7,131,520,Suite,4
7,132,520,Suite,4
7,133,180,Deluxe,2
7,134,270,Connecting,5
7,135,390,Suite,3
7,136,220,Standard,4
7,137,550,Apartment-style,3
7,138,370,Deluxe,4
7,139,180,Apartment-style,1
7,140,330,Connecting,6
7,141,270,Connecting,5
7,142,130,Suite,1
7,143,220,Standard,4
7,144,130,Suite,1
7,145,220,Standard,4
7,146,260,Suite,2
7,147,270,Deluxe,3
7,148,90,Deluxe,1
7,149,110,Standard,2
7,150,130,Suite,1
7,151,370,Apartment-style,2
7,152,180,Apartment-style,1
7,153,220,Connecting,4
7,154,220,Connecting,4
7,155,220,Connecting,4
7,156,50,Standard,1
7,157,260,Suite,2
7,158,180,Deluxe,2
7,159,550,Apartment-style,3
7,160,740,Apartment-style,4
7,161,180,Apartment-style,1
7,162,160,Connecting,3
7,163,110,Standard,2
7,164,220,Standard,4
7,165,90,Deluxe,1
7,166,180,Apartment-style,1
7,167,370,Apartment-style,2
7,168,330,Connecting,6
7,169,520,Suite,4
7,170,520,Suite,4
7,171,550,Apartment-style,3
7,172,370,Deluxe,4
7,173,520,Suite,4
7,174,160,Standard,3
7,175,220,Standard,4
7,176,90,Deluxe,1
7,177,270,Deluxe,3
7,178,90,Deluxe,1
7,179,370,Apartment-style,2
7,180,220,Connecting,4
7,181,90,Deluxe,1
7,182,390,Suite,3
7,183,520,Suite,4
7,184,390,Suite,3
7,185,220,Standard,4
7,186,260,Suite,2
7,187,90,Deluxe,1
7,188,50,Standard,1
7,189,740,Apartment-style,4
7,190,180,Apartment-style,1
7,191,50,Standard,1
7,192,260,Suite,2
7,193,260,Suite,2
7,194,260,Suite,2
7,195,390,Suite,3
7,196,370,Deluxe,4
7,197,330,Connecting,6
7,198,160,Standard,3
8,1,460,Apartment-style,4
8,2,110,Deluxe,2
8,3,210,Connecting,6
8,4,320,Suite,4
8,5,70,Standard,2
8,6,30,Standard,1
8,7,240,Suite,3
8,8,460,Apartment-style,4
8,9,110,Apartment-style,1
8,10,140,Standard,4
8,11,30,Standard,1
8,12,110,Apartment-style,1
8,13,30,Standard,1
8,14,100,Standard,3
8,15,140,Standard,4
8,16,80,Suite,1
8,17,140,Standard,4
8,18,80,Suite,1
8,19,350,Apartment-style,3
8,20,320,Suite,4
8,21,460,Apartment-style,4
8,22,210,Connecting,6
8,23,30,Standard,1
8,24,70,Connecting,2
8,25,110,Deluxe,2
8,26,140,Connecting,4
8,27,320,Suite,4
8,28,30,Standard,1
8,29,100,Connecting,3
8,30,70,Standard,2
8,31,230,Deluxe,4
8,32,30,Standard,1
8,33,100,Connecting,3
8,34,100,Standard,3
8,35,140,Connecting,4
8,36,100,Connecting,3
8,37,170,Connecting,5
8,38,140,Standard,4
8,39,80,Suite,1
8,40,320,Suite,4
8,41,160,Suite,2
8,42,80,Suite,1
8,43,70,Standard,2
8,44,110,Apartment-style,1
8,45,160,Suite,2
8,46,350,Apartment-style,3
8,47,100,Connecting,3
8,48,70,Standard,2
8,49,240,Suite,3
8,50,100,Connecting,3
8,51,320,Suite,4
8,52,230,Apartment-style,2
8,53,240,Suite,3
8,54,50,Deluxe,1
8,55,320,Suite,4
8,56,110,Deluxe,2
8,57,110,Apartment-style,1
8,58,70,Connecting,2
8,59,170,Deluxe,3
8,60,70,Connecting,2
8,61,100,Connecting,3
8,62,160,Suite,2
8,63,350,Apartment-style,3
8,64,230,Apartment-style,2
8,65,100,Standard,3
8,66,80,Suite,1
8,67,50,Deluxe,1
8,68,70,Standard,2
8,69,70,Connecting,2
8,70,140,Standard,4
8,71,230,Apartment-style,2
8,72,460,Apartment-style,4
8,73,140,Connecting,4
8,74,230,Deluxe,4
8,75,170,Connecting,5
8,76,160,Suite,2
8,77,350,Apartment-style,3
8,78,230,Deluxe,4
8,79,50,Deluxe,1
8,80,50,Deluxe,1
8,81,320,Suite,4
8,82,70,Standard,2
8,83,100,Connecting,3
8,84,170,Connecting,5
8,85,70,Standard,2
8,86,50,Deluxe,1
8,87,70,Connecting,2
8,88,230,Apartment-style,2
8,89,100,Connecting,3
8,90,80,Suite,1
8,91,350,Apartment-style,3
8,92,240,Suite,3
8,93,350,Apartment-style,3
8,94,350,Apartment-style,3
8,95,100,Standard,3
8,96,140,Connecting,4
8,97,170,Deluxe,3
8,98,350,Apartment-style,3
8,99,140,Connecting,4
8,100,80,Suite,1
8,101,70,Standard,2
8,102,170,Connecting,5
8,103,230,Deluxe,4
8,104,350,Apartment-style,3
8,105,80,Suite,1
8,106,460,Apartment-style,4
8,107,140,Connecting,4
8,108,230,Apartment-style,2
8,109,160,Suite,2
8,110,240,Suite,3
8,111,50,Deluxe,1
8,112,230,Deluxe,4
8,113,230,Deluxe,4
8,114,80,Suite,1
8,115,230,Apartment-style,2
8,116,140,Connecting,4
8,117,100,Connecting,3
8,118,230,Apartment-style,2
8,119,70,Connecting,2
8,120,30,Standard,1
8,121,460,Apartment-style,4
8,122,140,Standard,4
8,123,50,Deluxe,1
8,124,350,Apartment-style,3
8,125,210,Connecting,6
8,126,30,Standard,1
8,127,100,Standard,3
8,128,170,Connecting,5
8,129,70,Connecting,2
8,130,170,Connecting,5
9,1,60,Deluxe,1
9,2,90,Suite,1
9,3,180,Suite,2
9,4,260,Deluxe,4
9,5,190,Deluxe,3
9,6,70,Connecting,2
9,7,260,Apartment-style,2
9,8,190,Connecting,5
9,9,130,Apartment-style,1
9,10,190,Connecting,5
9,11,230,Connecting,6
9,12,150,Standard,4
9,13,270,Suite,3
9,14,150,Connecting,4
9,15,390,Apartment-style,3
9,16,130,Deluxe,2
9,17,90,Suite,1
9,18,130,Deluxe,2
9,19,390,Apartment-style,3
9,20,130,Apartment-style,1
9,21,130,Deluxe,2
9,22,190,Connecting,5
9,23,60,Deluxe,1
9,24,150,Connecting,4
9,25,70,Connecting,2
9,26,110,Connecting,3
9,27,130,Deluxe,2
9,28,130,Apartment-style,1
9,29,190,Connecting,5
9,30,190,Deluxe,3
10,1,80,Suite,1
10,2,460,Apartment-style,4
10,3,70,Connecting,2
10,4,80,Suite,1
10,5,170,Deluxe,3
10,6,110,Apartment-style,1
10,7,50,Deluxe,1
10,8,240,Suite,3
10,9,70,Standard,2
10,10,170,Deluxe,3
10,11,230,Deluxe,4
10,12,110,Deluxe,2
10,13,30,Standard,1
10,14,350,Apartment-style,3
10,15,140,Standard,4
10,16,460,Apartment-style,4
10,17,210,Connecting,6
10,18,170,Deluxe,3
10,19,230,Apartment-style,2
10,20,160,Suite,2
10,21,100,Standard,3
10,22,100,Connecting,3
10,23,240,Suite,3
10,24,30,Standard,1
10,25,170,Connecting,5
10,26,160,Suite,2
10,27,160,Suite,2
10,28,350,Apartment-style,3
11,1,150,Standard,3
11,2,160,Apartment-style,1
11,3,350,Suite,3
11,4,300,Connecting,6
11,5,230,Suite,2
11,6,250,Connecting,5
11,7,350,Suite,3
11,8,250,Connecting,5
11,9,330,Apartment-style,2
11,10,160,Deluxe,2
11,11,350,Suite,3
11,12,330,Apartment-style,2
11,13,500,Apartment-style,3
11,14,330,Deluxe,4
11,15,200,Connecting,4
11,16,200,Connecting,4
11,17,330,Deluxe,4
11,18,110,Suite,1
11,19,230,Suite,2
11,20,330,Deluxe,4
11,21,50,Standard,1
11,22,300,Connecting,6
11,23,350,Suite,3
11,24,50,Standard,1
11,25,500,Apartment-style,3
11,26,100,Connecting,2
11,27,330,Apartment-style,2
11,28,250,Connecting,5
11,29,330,Deluxe,4
11,30,160,Apartment-style,1
11,31,200,Standard,4
11,32,80,Deluxe,1
11,33,250,Connecting,5
11,34,160,Deluxe,2
11,35,50,Standard,1
11,36,100,Standard,2
11,37,110,Suite,1
11,38,350,Suite,3
11,39,160,Apartment-style,1
11,40,100,Standard,2
11,41,670,Apartment-style,4
11,42,470,Suite,4
11,43,100,Standard,2
11,44,150,Standard,3
11,45,230,Suite,2
11,46,250,Connecting,5
11,47,200,Standard,4
11,48,50,Standard,1
11,49,100,Connecting,2
11,50,330,Deluxe,4
11,51,250,Connecting,5
11,52,250,Connecting,5
11,53,160,Deluxe,2
11,54,110,Suite,1
11,55,300,Connecting,6
11,56,470,Suite,4
11,57,160,Deluxe,2
11,58,80,Deluxe,1
11,59,150,Connecting,3
11,60,330,Apartment-style,2
11,61,150,Standard,3
11,62,230,Suite,2
11,63,100,Standard,2
11,64,160,Apartment-style,1
11,65,50,Standard,1
11,66,50,Standard,1
11,67,470,Suite,4
11,68,470,Suite,4
11,69,350,Suite,3
11,70,150,Connecting,3
11,71,330,Apartment-style,2
11,72,670,Apartment-style,4
11,73,80,Deluxe,1
11,74,150,Connecting,3
11,75,200,Standard,4
11,76,160,Deluxe,2
11,77,330,Deluxe,4
11,78,150,Standard,3
11,79,160,Deluxe,2
11,80,230,Suite,2
11,81,150,Standard,3
11,82,200,Standard,4
11,83,330,Apartment-style,2
11,84,300,Connecting,6
11,85,200,Connecting,4
11,86,150,Connecting,3
11,87,200,Standard,4
11,88,110,Suite,1
11,89,100,Connecting,2
11,90,230,Suite,2
11,91,250,Deluxe,3
11,92,160,Deluxe,2
11,93,200,Connecting,4
11,94,230,Suite,2
11,95,250,Deluxe,3
11,96,50,Standard,1
11,97,230,Suite,2
11,98,200,Connecting,4
11,99,670,Apartment-style,4
11,100,80,Deluxe,1
11,101,160,Deluxe,2
11,102,250,Deluxe,3
11,103,150,Connecting,3
11,104,300,Connecting,6
11,105,160,Apartment-style,1
11,106,80,Deluxe,1
11,107,150,Standard,3
11,108,670,Apartment-style,4
11,109,100,Standard,2
11,110,150,Standard,3
11,111,500,Apartment-style,3
11,112,200,Connecting,4
11,113,250,Connecting,5
11,114,100,Connecting,2
11,115,330,Deluxe,4
11,116,50,Standard,1
11,117,160,Deluxe,2
11,118,160,Apartment-style,1
11,119,100,Standard,2
11,120,330,Apartment-style,2
11,121,250,Deluxe,3
11,122,230,Suite,2
11,123,330,Apartment-style,2
11,124,330,Apartment-style,2
11,125,150,Connecting,3
11,126,100,Standard,2
11,127,80,Deluxe,1
11,128,500,Apartment-style,3
11,129,100,Connecting,2
11,130,330,Apartment-style,2
11,131,470,Suite,4
11,132,330,Apartment-style,2
11,133,330,Apartment-style,2
11,134,50,Standard,1
11,135,160,Apartment-style,1
11,136,250,Deluxe,3
11,137,230,Suite,2
11,138,100,Connecting,2
11,139,200,Connecting,4
11,140,500,Apartment-style,3
12,1,190,Suite,2
12,2,90,Suite,1
12,3,420,Apartment-style,3
12,4,140,Apartment-style,1
12,5,90,Suite,1
12,6,250,Connecting,6
12,7,160,Connecting,4
12,8,190,Suite,2
12,9,420,Apartment-style,3
12,10,390,Suite,4
12,11,80,Connecting,2
12,12,290,Suite,3
12,13,250,Connecting,6
12,14,190,Suite,2
12,15,190,Suite,2
12,16,80,Connecting,2
12,17,80,Standard,2
12,18,390,Suite,4
12,19,290,Suite,3
12,20,140,Apartment-style,1
12,21,80,Connecting,2
12,22,140,Apartment-style,1
12,23,80,Standard,2
12,24,280,Apartment-style,2
12,25,210,Connecting,5
12,26,280,Deluxe,4
12,27,140,Deluxe,2
12,28,280,Deluxe,4
12,29,190,Suite,2
12,30,140,Deluxe,2
12,31,40,Standard,1
12,32,250,Connecting,6
12,33,390,Suite,4
12,34,160,Connecting,4
12,35,80,Connecting,2
12,36,120,Standard,3
12,37,420,Apartment-style,3
12,38,80,Connecting,2
12,39,40,Standard,1
12,40,190,Suite,2
12,41,560,Apartment-style,4
12,42,40,Standard,1
12,43,40,Standard,1
12,44,120,Standard,3
12,45,90,Suite,1
12,46,390,Suite,4
12,47,280,Deluxe,4
12,48,120,Standard,3
12,49,80,Connecting,2
12,50,140,Deluxe,2
12,51,70,Deluxe,1
12,52,160,Connecting,4
12,53,420,Apartment-style,3
12,54,80,Standard,2
12,55,40,Standard,1
12,56,560,Apartment-style,4
12,57,390,Suite,4
12,58,210,Connecting,5
12,59,90,Suite,1
12,60,140,Deluxe,2
12,61,70,Deluxe,1
12,62,420,Apartment-style,3
12,63,210,Connecting,5
12,64,80,Standard,2
12,65,120,Connecting,3
12,66,210,Connecting,5
12,67,280,Apartment-style,2
12,68,160,Standard,4
12,69,120,Standard,3
12,70,390,Suite,4
12,71,280,Deluxe,4
12,72,290,Suite,3
12,73,190,Suite,2
12,74,290,Suite,3
12,75,420,Apartment-style,3
12,76,390,Suite,4
12,77,160,Connecting,4
12,78,560,Apartment-style,4
12,79,140,Deluxe,2
12,80,90,Suite,1
12,81,250,Connecting,6
12,82,160,Standard,4
12,83,280,Apartment-style,2
12,84,250,Connecting,6
12,85,560,Apartment-style,4
12,86,210,Connecting,5
12,87,210,Deluxe,3
12,88,280,Deluxe,4
12,89,120,Connecting,3
12,90,160,Standard,4
12,91,40,Standard,1
12,92,420,Apartment-style,3
12,93,210,Deluxe,3
12,94,280,Deluxe,4
12,95,280,Apartment-style,2
12,96,70,Deluxe,1
12,97,120,Connecting,3
12,98,210,Connecting,5
12,99,80,Connecting,2
12,100,90,Suite,1
12,101,390,Suite,4
12,102,120,Standard,3
12,103,80,Standard,2
12,104,280,Deluxe,4
12,105,420,Apartment-style,3
12,106,390,Suite,4
12,107,120,Standard,3
12,108,390,Suite,4
12,109,390,Suite,4
12,110,160,Standard,4
12,111,80,Standard,2
12,112,70,Deluxe,1
12,113,160,Connecting,4
12,114,280,Deluxe,4
12,115,90,Suite,1
12,116,80,Standard,2
12,117,40,Standard,1
12,118,70,Deluxe,1
12,119,210,Deluxe,3
12,120,290,Suite,3
12,121,280,Apartment-style,2
12,122,210,Deluxe,3
12,123,280,Deluxe,4
12,124,140,Apartment-style,1
12,125,70,Deluxe,1
12,126,280,Deluxe,4
12,127,560,Apartment-style,4
12,128,80,Connecting,2
12,129,40,Standard,1
12,130,120,Standard,3
12,131,90,Suite,1
12,132,280,Apartment-style,2
12,133,190,Suite,2
12,134,210,Connecting,5
12,135,40,Standard,1
12,136,250,Connecting,6
12,137,120,Connecting,3
12,138,140,Deluxe,2
12,139,120,Standard,3
12,140,190,Suite,2
12,141,160,Standard,4
12,142,140,Apartment-style,1
12,143,390,Suite,4
13,1,540,Apartment-style,3
13,2,360,Deluxe,4
13,3,160,Standard,3
13,4,320,Connecting,6
13,5,360,Apartment-style,2
13,6,100,Connecting,2
13,7,160,Standard,3
13,8,320,Connecting,6
13,9,210,Standard,4
13,10,210,Standard,4
13,11,160,Standard,3
13,12,100,Connecting,2
13,13,160,Connecting,3
13,14,180,Apartment-style,1
13,15,360,Deluxe,4
13,16,160,Standard,3
13,17,100,Standard,2
13,18,210,Standard,4
13,19,180,Deluxe,2
13,20,100,Connecting,2
13,21,250,Suite,2
13,22,360,Deluxe,4
13,23,380,Suite,3
13,24,360,Deluxe,4
13,25,120,Suite,1
13,26,120,Suite,1
13,27,210,Connecting,4
13,28,90,Deluxe,1
13,29,540,Apartment-style,3
13,30,250,Suite,2
13,31,270,Connecting,5
13,32,100,Standard,2
13,33,500,Suite,4
13,34,720,Apartment-style,4
13,35,120,Suite,1
13,36,180,Apartment-style,1
13,37,120,Suite,1
13,38,90,Deluxe,1
13,39,360,Apartment-style,2
13,40,380,Suite,3
13,41,100,Connecting,2
13,42,210,Standard,4
13,43,320,Connecting,6
13,44,100,Standard,2
13,45,360,Apartment-style,2
13,46,500,Suite,4
13,47,100,Standard,2
13,48,270,Deluxe,3
13,49,210,Connecting,4
13,50,180,Deluxe,2
13,51,100,Standard,2
13,52,160,Connecting,3
13,53,540,Apartment-style,3
13,54,210,Standard,4
13,55,50,Standard,1
13,56,210,Connecting,4
13,57,120,Suite,1
13,58,250,Suite,2
13,59,180,Apartment-style,1
13,60,360,Deluxe,4
13,61,250,Suite,2
13,62,360,Deluxe,4
13,63,100,Standard,2
13,64,720,Apartment-style,4
13,65,320,Connecting,6
13,66,320,Connecting,6
13,67,720,Apartment-style,4
13,68,210,Connecting,4
13,69,720,Apartment-style,4
13,70,500,Suite,4
13,71,210,Standard,4
13,72,250,Suite,2
13,73,270,Deluxe,3
13,74,90,Deluxe,1
13,75,90,Deluxe,1
13,76,210,Standard,4
13,77,360,Deluxe,4
13,78,540,Apartment-style,3
14,1,120,Standard,3
14,2,260,Deluxe,4
14,3,90,Suite,1
14,4,180,Suite,2
14,5,40,Standard,1
14,6,200,Deluxe,3
14,7,180,Suite,2
14,8,60,Deluxe,1
14,9,60,Deluxe,1
14,10,130,Apartment-style,1
14,11,530,Apartment-style,4
14,12,80,Standard,2
14,13,160,Connecting,4
14,14,370,Suite,4
14,15,130,Deluxe,2
14,16,240,Connecting,6
14,17,120,Connecting,3
14,18,130,Apartment-style,1
14,19,260,Apartment-style,2
14,20,160,Connecting,4
14,21,400,Apartment-style,3
14,22,80,Standard,2
14,23,240,Connecting,6
14,24,200,Deluxe,3
14,25,400,Apartment-style,3
14,26,280,Suite,3
14,27,370,Suite,4
14,28,180,Suite,2
14,29,260,Apartment-style,2
14,30,400,Apartment-style,3
14,31,130,Deluxe,2
14,32,80,Standard,2
14,33,160,Standard,4
14,34,90,Suite,1
14,35,160,Connecting,4
14,36,60,Deluxe,1
14,37,370,Suite,4
14,38,180,Suite,2
14,39,400,Apartment-style,3
14,40,530,Apartment-style,4
14,41,90,Suite,1
14,42,260,Apartment-style,2
14,43,180,Suite,2
14,44,130,Deluxe,2
14,45,370,Suite,4
14,46,160,Connecting,4
14,47,120,Standard,3
14,48,160,Standard,4
14,49,90,Suite,1
14,50,40,Standard,1
14,51,200,Deluxe,3
14,52,530,Apartment-style,4
14,53,370,Suite,4
14,54,200,Deluxe,3
14,55,240,Connecting,6
14,56,530,Apartment-style,4
14,57,530,Apartment-style,4
14,58,530,Apartment-style,4
14,59,120,Standard,3
14,60,240,Connecting,6
14,61,200,Deluxe,3
14,62,260,Deluxe,4
14,63,200,Deluxe,3
14,64,240,Connecting,6
14,65,120,Connecting,3
14,66,80,Standard,2
14,67,280,Suite,3
14,68,130,Apartment-style,1
14,69,260,Apartment-style,2
14,70,90,Suite,1
14,71,60,Deluxe,1
14,72,160,Connecting,4
14,73,240,Connecting,6
14,74,370,Suite,4
14,75,200,Deluxe,3
14,76,120,Standard,3
14,77,80,Standard,2
14,78,180,Suite,2
14,79,60,Deluxe,1
14,80,240,Connecting,6
14,81,90,Suite,1
14,82,80,Standard,2
14,83,180,Suite,2
14,84,200,Connecting,5
14,85,530,Apartment-style,4
14,86,400,Apartment-style,3
14,87,530,Apartment-style,4
14,88,120,Standard,3
14,89,120,Connecting,3
14,90,280,Suite,3
14,91,60,Deluxe,1
14,92,280,Suite,3
14,93,160,Connecting,4
14,94,400,Apartment-style,3
14,95,60,Deluxe,1
14,96,120,Standard,3
14,97,160,Connecting,4
14,98,160,Standard,4
14,99,80,Standard,2
14,100,200,Deluxe,3
14,101,530,Apartment-style,4
14,102,130,Apartment-style,1
14,103,260,Apartment-style,2
14,104,200,Connecting,5
14,105,260,Deluxe,4
14,106,530,Apartment-style,4
14,107,530,Apartment-style,4
14,108,260,Deluxe,4
14,109,160,Standard,4
14,110,240,Connecting,6
14,111,530,Apartment-style,4
14,112,60,Deluxe,1
14,113,120,Connecting,3
14,114,160,Connecting,4
14,115,120,Connecting,3
14,116,260,Apartment-style,2
14,117,160,Standard,4
14,118,180,Suite,2
14,119,120,Connecting,3
14,120,180,Suite,2
14,121,40,Standard,1
14,122,160,Connecting,4
14,123,200,Deluxe,3
14,124,180,Suite,2
14,125,90,Suite,1
14,126,260,Apartment-style,2
14,127,130,Deluxe,2
14,128,130,Apartment-style,1
14,129,260,Deluxe,4
14,130,120,Connecting,3
15,1,70,Suite,1
15,2,230,Suite,3
15,3,200,Connecting,6
15,4,50,Deluxe,1
15,5,200,Connecting,6
15,6,70,Suite,1
15,7,160,Deluxe,3
15,8,220,Deluxe,4
15,9,160,Connecting,5
15,10,100,Connecting,3
15,11,100,Connecting,3
15,12,200,Connecting,6
15,13,110,Deluxe,2
15,14,220,Apartment-style,2
15,15,230,Suite,3
15,16,130,Connecting,4
15,17,220,Deluxe,4
15,18,60,Standard,2
15,19,450,Apartment-style,4
15,20,110,Apartment-style,1
15,21,30,Standard,1
15,22,110,Apartment-style,1
15,23,160,Deluxe,3
15,24,150,Suite,2
15,25,160,Connecting,5
15,26,220,Deluxe,4
15,27,100,Connecting,3
15,28,160,Deluxe,3
15,29,70,Suite,1
15,30,130,Connecting,4
15,31,30,Standard,1
15,32,100,Standard,3
15,33,160,Connecting,5
15,34,60,Standard,2
16,1,110,Suite,1
16,2,240,Connecting,5
16,3,160,Deluxe,2
16,4,480,Apartment-style,3
16,5,330,Suite,3
16,6,480,Apartment-style,3
16,7,290,Connecting,6
16,8,320,Apartment-style,2
16,9,220,Suite,2
16,10,160,Apartment-style,1
16,11,330,Suite,3
16,12,320,Apartment-style,2
16,13,140,Standard,3
16,14,160,Apartment-style,1
16,15,40,Standard,1
16,16,240,Connecting,5
16,17,110,Suite,1
16,18,240,Connecting,5
16,19,290,Connecting,6
16,20,40,Standard,1
16,21,240,Deluxe,3
16,22,80,Deluxe,1
16,23,140,Standard,3
16,24,90,Standard,2
16,25,480,Apartment-style,3
16,26,160,Apartment-style,1
16,27,240,Connecting,5
16,28,40,Standard,1
16,29,190,Connecting,4
16,30,320,Deluxe,4
16,31,220,Suite,2
16,32,640,Apartment-style,4
16,33,450,Suite,4
16,34,480,Apartment-style,3
16,35,330,Suite,3
16,36,90,Connecting,2
16,37,320,Deluxe,4
16,38,190,Standard,4
16,39,240,Deluxe,3
16,40,160,Deluxe,2
16,41,480,Apartment-style,3
16,42,90,Connecting,2
16,43,90,Connecting,2
16,44,140,Standard,3
16,45,320,Deluxe,4
16,46,320,Apartment-style,2
16,47,140,Standard,3
16,48,640,Apartment-style,4
16,49,190,Connecting,4
16,50,320,Deluxe,4
16,51,190,Connecting,4
16,52,450,Suite,4
16,53,110,Suite,1
16,54,160,Deluxe,2
16,55,90,Standard,2
16,56,320,Deluxe,4
16,57,110,Suite,1
16,58,40,Standard,1
16,59,290,Connecting,6
16,60,640,Apartment-style,4
16,61,140,Connecting,3
16,62,240,Connecting,5
16,63,160,Deluxe,2
16,64,290,Connecting,6
16,65,140,Standard,3
16,66,330,Suite,3
16,67,160,Apartment-style,1
16,68,320,Deluxe,4
16,69,450,Suite,4
16,70,190,Connecting,4
16,71,80,Deluxe,1
16,72,330,Suite,3
16,73,450,Suite,4
16,74,640,Apartment-style,4
16,75,320,Deluxe,4
16,76,240,Deluxe,3
16,77,190,Standard,4
16,78,40,Standard,1
16,79,140,Standard,3
16,80,220,Suite,2
16,81,450,Suite,4
16,82,480,Apartment-style,3
16,83,320,Deluxe,4
16,84,80,Deluxe,1
16,85,450,Suite,4
16,86,220,Suite,2
16,87,480,Apartment-style,3
16,88,240,Connecting,5
16,89,220,Suite,2
16,90,290,Connecting,6
16,91,90,Connecting,2
16,92,160,Apartment-style,1
16,93,480,Apartment-style,3
16,94,140,Standard,3
16,95,90,Standard,2
16,96,190,Standard,4
16,97,90,Connecting,2
16,98,160,Apartment-style,1
16,99,160,Apartment-style,1
16,100,90,Connecting,2
16,101,640,Apartment-style,4
16,102,240,Deluxe,3
16,103,90,Connecting,2
16,104,330,Suite,3
16,105,90,Standard,2
16,106,220,Suite,2
16,107,290,Connecting,6
16,108,320,Deluxe,4
16,109,190,Connecting,4
16,110,190,Standard,4
16,111,40,Standard,1
16,112,190,Connecting,4
16,113,90,Standard,2
16,114,190,Connecting,4
16,115,140,Standard,3
16,116,140,Standard,3
16,117,160,Deluxe,2
16,118,290,Connecting,6
16,119,90,Standard,2
16,120,90,Standard,2
16,121,110,Suite,1
16,122,40,Standard,1
16,123,640,Apartment-style,4
16,124,330,Suite,3
16,125,240,Deluxe,3
16,126,160,Deluxe,2
16,127,90,Standard,2
16,128,240,Deluxe,3
16,129,160,Deluxe,2
16,130,240,Deluxe,3
16,131,330,Suite,3
16,132,240,Deluxe,3
16,133,140,Standard,3
16,134,220,Suite,2
16,135,330,Suite,3
16,136,90,Standard,2
16,137,290,Connecting,6
16,138,90,Connecting,2
16,139,140,Standard,3
16,140,110,Suite,1
16,141,240,Deluxe,3
16,142,110,Suite,1
16,143,640,Apartment-style,4
16,144,140,Connecting,3
16,145,480,Apartment-style,3
16,146,330,Suite,3
16,147,330,Suite,3
16,148,160,Apartment-style,1
16,149,290,Connecting,6
16,150,320,Apartment-style,2
16,151,320,Deluxe,4
16,152,190,Connecting,4
16,153,190,Connecting,4
16,154,190,Standard,4
16,155,190,Standard,4
16,156,90,Standard,2
16,157,240,Deluxe,3
16,158,240,Deluxe,3
16,159,330,Suite,3
16,160,640,Apartment-style,4
16,161,90,Standard,2
16,162,80,Deluxe,1
16,163,40,Standard,1
16,164,240,Connecting,5
16,165,90,Standard,2
16,166,140,Standard,3
16,167,190,Connecting,4
16,168,140,Standard,3
16,169,290,Connecting,6
16,170,90,Connecting,2
16,171,320,Apartment-style,2
16,172,330,Suite,3
16,173,160,Apartment-style,1
16,174,240,Deluxe,3
16,175,640,Apartment-style,4
16,176,320,Deluxe,4
16,177,480,Apartment-style,3
16,178,140,Connecting,3
16,179,80,Deluxe,1
16,180,90,Standard,2
16,181,110,Suite,1
16,182,290,Connecting,6
16,183,160,Apartment-style,1
16,184,240,Connecting,5
16,185,190,Connecting,4
16,186,330,Suite,3
16,187,320,Apartment-style,2
16,188,320,Deluxe,4
16,189,330,Suite,3
16,190,480,Apartment-style,3
16,191,220,Suite,2
16,192,220,Suite,2
16,193,140,Standard,3
16,194,90,Standard,2
16,195,90,Standard,2
16,196,330,Suite,3
16,197,240,Deluxe,3
16,198,190,Standard,4
16,199,290,Connecting,6
17,1,490,Apartment-style,4
17,2,340,Suite,4
17,3,180,Connecting,5
17,4,370,Apartment-style,3
17,5,110,Standard,3
17,6,80,Suite,1
17,7,110,Connecting,3
17,8,70,Connecting,2
17,9,490,Apartment-style,4
17,10,240,Deluxe,4
17,11,110,Standard,3
17,12,170,Suite,2
17,13,110,Standard,3
17,14,140,Standard,4
17,15,240,Deluxe,4
17,16,140,Connecting,4
17,17,240,Apartment-style,2
17,18,70,Connecting,2
17,19,180,Connecting,5
17,20,80,Suite,1
17,21,70,Connecting,2
17,22,120,Deluxe,2
17,23,180,Connecting,5
17,24,60,Deluxe,1
17,25,60,Deluxe,1
17,26,170,Suite,2
17,27,70,Standard,2
17,28,70,Connecting,2
17,29,120,Apartment-style,1
17,30,30,Standard,1
17,31,140,Standard,4
17,32,180,Connecting,5
17,33,140,Standard,4
17,34,490,Apartment-style,4
17,35,80,Suite,1
17,36,140,Standard,4
17,37,70,Standard,2
17,38,220,Connecting,6
17,39,30,Standard,1
17,40,170,Suite,2
17,41,180,Deluxe,3
17,42,250,Suite,3
17,43,120,Deluxe,2
17,44,80,Suite,1
17,45,120,Deluxe,2
17,46,340,Suite,4
17,47,490,Apartment-style,4
17,48,110,Standard,3
17,49,110,Standard,3
17,50,110,Connecting,3
17,51,110,Connecting,3
17,52,240,Deluxe,4
17,53,70,Standard,2
17,54,110,Connecting,3
17,55,240,Deluxe,4
17,56,220,Connecting,6
17,57,250,Suite,3
17,58,170,Suite,2
17,59,220,Connecting,6
17,60,140,Standard,4
17,61,140,Standard,4
17,62,220,Connecting,6
17,63,70,Standard,2
17,64,70,Connecting,2
17,65,370,Apartment-style,3
17,66,60,Deluxe,1
17,67,240,Deluxe,4
17,68,180,Connecting,5
17,69,370,Apartment-style,3
17,70,170,Suite,2
17,71,70,Standard,2
17,72,110,Connecting,3
17,73,220,Connecting,6
17,74,110,Standard,3
17,75,220,Connecting,6
17,76,240,Deluxe,4
17,77,110,Connecting,3
17,78,340,Suite,4
17,79,370,Apartment-style,3
17,80,70,Connecting,2
17,81,110,Standard,3
17,82,140,Standard,4
17,83,170,Suite,2
17,84,240,Apartment-style,2
17,85,140,Standard,4
17,86,120,Deluxe,2
17,87,120,Apartment-style,1
17,88,60,Deluxe,1
17,89,60,Deluxe,1
17,90,120,Apartment-style,1
17,91,170,Suite,2
17,92,80,Suite,1
17,93,250,Suite,3
17,94,70,Connecting,2
17,95,120,Deluxe,2
17,96,180,Deluxe,3
17,97,70,Standard,2
17,98,340,Suite,4
17,99,30,Standard,1
17,100,120,Apartment-style,1
17,101,60,Deluxe,1
17,102,340,Suite,4
17,103,120,Deluxe,2
17,104,220,Connecting,6
17,105,140,Connecting,4
17,106,140,Connecting,4
17,107,110,Standard,3
17,108,240,Apartment-style,2
17,109,120,Deluxe,2
17,110,80,Suite,1
17,111,170,Suite,2
17,112,30,Standard,1
17,113,170,Suite,2
17,114,180,Deluxe,3
17,115,170,Suite,2
17,116,370,Apartment-style,3
17,117,240,Apartment-style,2
17,118,120,Deluxe,2
17,119,250,Suite,3
17,120,490,Apartment-style,4
17,121,60,Deluxe,1
17,122,340,Suite,4
17,123,370,Apartment-style,3
17,124,30,Standard,1
17,125,30,Standard,1
17,126,110,Connecting,3
17,127,80,Suite,1
17,128,140,Standard,4
17,129,60,Deluxe,1
17,130,70,Connecting,2
17,131,370,Apartment-style,3
17,132,370,Apartment-style,3
17,133,120,Apartment-style,1
17,134,250,Suite,3
17,135,120,Apartment-style,1
17,136,60,Deluxe,1
17,137,70,Standard,2
17,138,110,Standard,3
17,139,110,Connecting,3
17,140,490,Apartment-style,4
17,141,80,Suite,1
17,142,240,Deluxe,4
17,143,140,Connecting,4
17,144,370,Apartment-style,3
17,145,340,Suite,4
17,146,30,Standard,1
17,147,370,Apartment-style,3
17,148,490,Apartment-style,4
17,149,70,Connecting,2
17,150,110,Connecting,3
17,151,120,Apartment-style,1
17,152,120,Deluxe,2
17,153,30,Standard,1
17,154,110,Connecting,3
17,155,140,Standard,4
17,156,370,Apartment-style,3
17,157,70,Standard,2
17,158,120,Apartment-style,1
17,159,110,Standard,3
17,160,240,Deluxe,4
17,161,80,Suite,1
17,162,220,Connecting,6
17,163,490,Apartment-style,4
17,164,70,Connecting,2
17,165,220,Connecting,6
17,166,60,Deluxe,1
17,167,110,Standard,3
17,168,140,Connecting,4
17,169,180,Connecting,5
17,170,120,Deluxe,2
17,171,170,Suite,2
17,172,170,Suite,2
17,173,120,Deluxe,2
18,1,70,Deluxe,1
18,2,400,Suite,4
18,3,140,Apartment-style,1
18,4,210,Deluxe,3
18,5,40,Standard,1
18,6,170,Connecting,4
18,7,140,Apartment-style,1
18,8,210,Connecting,5
18,9,140,Deluxe,2
18,10,430,Apartment-style,3
18,11,140,Deluxe,2
18,12,40,Standard,1
18,13,70,Deluxe,1
18,14,140,Deluxe,2
18,15,140,Deluxe,2
18,16,570,Apartment-style,4
18,17,570,Apartment-style,4
18,18,80,Standard,2
18,19,70,Deluxe,1
18,20,200,Suite,2
18,21,170,Standard,4
18,22,430,Apartment-style,3
18,23,210,Deluxe,3
18,24,100,Suite,1
18,25,570,Apartment-style,4
18,26,80,Standard,2
18,27,120,Standard,3
18,28,570,Apartment-style,4
18,29,200,Suite,2
18,30,250,Connecting,6
18,31,280,Apartment-style,2
18,32,210,Connecting,5
18,33,300,Suite,3
18,34,40,Standard,1
18,35,120,Standard,3
18,36,120,Connecting,3
18,37,100,Suite,1
18,38,170,Connecting,4
18,39,140,Deluxe,2
18,40,250,Connecting,6
18,41,280,Apartment-style,2
18,42,280,Deluxe,4
18,43,120,Standard,3
18,44,120,Standard,3
18,45,250,Connecting,6
18,46,80,Standard,2
18,47,140,Apartment-style,1
18,48,140,Deluxe,2
18,49,100,Suite,1
18,50,250,Connecting,6
18,51,80,Standard,2
18,52,80,Connecting,2
18,53,170,Connecting,4
18,54,300,Suite,3
18,55,170,Connecting,4
18,56,140,Deluxe,2
18,57,140,Deluxe,2
18,58,430,Apartment-style,3
18,59,140,Deluxe,2
18,60,140,Deluxe,2
18,61,100,Suite,1
18,62,80,Connecting,2
18,63,40,Standard,1
18,64,280,Apartment-style,2
18,65,300,Suite,3
18,66,170,Standard,4
18,67,430,Apartment-style,3
18,68,210,Deluxe,3
18,69,70,Deluxe,1
18,70,280,Deluxe,4
18,71,210,Connecting,5
18,72,280,Apartment-style,2
18,73,570,Apartment-style,4
18,74,300,Suite,3
18,75,210,Deluxe,3
18,76,120,Standard,3
18,77,120,Connecting,3
18,78,120,Connecting,3
18,79,40,Standard,1
18,80,280,Deluxe,4
18,81,210,Connecting,5
18,82,280,Deluxe,4
18,83,430,Apartment-style,3
18,84,300,Suite,3
18,85,120,Connecting,3
18,86,400,Suite,4
18,87,280,Deluxe,4
18,88,70,Deluxe,1
18,89,570,Apartment-style,4
18,90,40,Standard,1
18,91,570,Apartment-style,4
18,92,170,Standard,4
18,93,200,Suite,2
19,1,300,Deluxe,4
19,2,130,Standard,3
19,3,70,Deluxe,1
19,4,450,Apartment-style,3
19,5,210,Suite,2
19,6,180,Connecting,4
19,7,70,Deluxe,1
19,8,300,Apartment-style,2
19,9,70,Deluxe,1
19,10,70,Deluxe,1
19,11,420,Suite,4
19,12,270,Connecting,6
19,13,150,Apartment-style,1
19,14,420,Suite,4
19,15,70,Deluxe,1
19,16,610,Apartment-style,4
19,17,320,Suite,3
19,18,320,Suite,3
19,19,220,Deluxe,3
19,20,610,Apartment-style,4
19,21,300,Deluxe,4
19,22,300,Deluxe,4
19,23,40,Standard,1
19,24,220,Connecting,5
19,25,610,Apartment-style,4
19,26,300,Deluxe,4
19,27,70,Deluxe,1
19,28,180,Connecting,4
19,29,180,Standard,4
19,30,300,Deluxe,4
19,31,180,Connecting,4
19,32,40,Standard,1
19,33,150,Apartment-style,1
19,34,130,Standard,3
19,35,300,Apartment-style,2
19,36,130,Connecting,3
19,37,180,Standard,4
19,38,300,Apartment-style,2
19,39,300,Deluxe,4
19,40,150,Apartment-style,1
19,41,610,Apartment-style,4
19,42,130,Connecting,3
19,43,300,Deluxe,4
19,44,220,Connecting,5
19,45,220,Deluxe,3
19,46,300,Apartment-style,2
19,47,300,Deluxe,4
19,48,270,Connecting,6
19,49,130,Connecting,3
19,50,150,Apartment-style,1
19,51,180,Connecting,4
19,52,180,Standard,4
19,53,70,Deluxe,1
19,54,220,Connecting,5
19,55,450,Apartment-style,3
19,56,320,Suite,3
19,57,220,Connecting,5
19,58,270,Connecting,6
19,59,220,Connecting,5
19,60,90,Connecting,2
19,61,150,Apartment-style,1
19,62,270,Connecting,6
19,63,320,Suite,3
19,64,150,Deluxe,2
19,65,610,Apartment-style,4
19,66,420,Suite,4
19,67,610,Apartment-style,4
19,68,320,Suite,3
19,69,210,Suite,2
19,70,180,Connecting,4
19,71,180,Standard,4
19,72,100,Suite,1
19,73,180,Connecting,4
19,74,180,Connecting,4
19,75,270,Connecting,6
19,76,270,Connecting,6
19,77,130,Connecting,3
19,78,220,Deluxe,3
19,79,180,Standard,4
19,80,450,Apartment-style,3
19,81,40,Standard,1
19,82,220,Deluxe,3
19,83,90,Connecting,2
19,84,220,Connecting,5
19,85,100,Suite,1
19,86,70,Deluxe,1
19,87,320,Suite,3
19,88,210,Suite,2
19,89,180,Connecting,4
19,90,300,Apartment-style,2
19,91,130,Standard,3
19,92,90,Standard,2
19,93,220,Connecting,5
19,94,610,Apartment-style,4
19,95,610,Apartment-style,4
19,96,220,Connecting,5
19,97,180,Connecting,4
19,98,420,Suite,4
19,99,90,Connecting,2
19,100,180,Standard,4
19,101,100,Suite,1
19,102,70,Deluxe,1
19,103,40,Standard,1
19,104,90,Standard,2
19,105,180,Connecting,4
19,106,70,Deluxe,1
19,107,420,Suite,4
19,108,40,Standard,1
19,109,180,Connecting,4
19,110,180,Connecting,4
19,111,210,Suite,2
19,112,180,Standard,4
19,113,130,Standard,3
19,114,70,Deluxe,1
19,115,70,Deluxe,1
19,116,70,Deluxe,1
20,1,520,Suite,4
20,2,180,Deluxe,2
20,3,180,Deluxe,2
20,4,330,Connecting,6
20,5,110,Connecting,2
20,6,370,Apartment-style,2
20,7,180,Apartment-style,1
20,8,130,Suite,1
20,9,180,Apartment-style,1
20,10,520,Suite,4
20,11,370,Apartment-style,2
20,12,280,Connecting,5
20,13,520,Suite,4
20,14,90,Deluxe,1
20,15,160,Standard,3
20,16,90,Deluxe,1
20,17,390,Suite,3
20,18,180,Deluxe,2
20,19,180,Apartment-style,1
20,20,370,Deluxe,4
20,21,370,Deluxe,4
20,22,90,Deluxe,1
20,23,220,Connecting,4
20,24,160,Standard,3
20,25,370,Deluxe,4
20,26,390,Suite,3
20,27,180,Apartment-style,1
20,28,370,Deluxe,4
20,29,220,Connecting,4
20,30,160,Connecting,3
20,31,520,Suite,4
20,32,280,Connecting,5
20,33,50,Standard,1
20,34,160,Connecting,3
20,35,260,Suite,2
20,36,520,Suite,4
20,37,280,Connecting,5
20,38,50,Standard,1
20,39,160,Standard,3
20,40,160,Connecting,3
20,41,260,Suite,2
20,42,750,Apartment-style,4
20,43,50,Standard,1
20,44,110,Standard,2
20,45,370,Apartment-style,2
20,46,280,Deluxe,3
20,47,160,Connecting,3
20,48,50,Standard,1
20,49,110,Connecting,2
20,50,180,Apartment-style,1
20,51,260,Suite,2
20,52,50,Standard,1
20,53,220,Connecting,4
20,54,130,Suite,1
20,55,370,Deluxe,4
20,56,520,Suite,4
20,57,110,Connecting,2
20,58,110,Standard,2
20,59,50,Standard,1
20,60,220,Connecting,4
20,61,50,Standard,1
20,62,260,Suite,2
20,63,330,Connecting,6
20,64,520,Suite,4
20,65,180,Deluxe,2
20,66,160,Standard,3
20,67,130,Suite,1
20,68,520,Suite,4
20,69,750,Apartment-style,4
20,70,110,Connecting,2
20,71,90,Deluxe,1
20,72,220,Standard,4
20,73,560,Apartment-style,3
20,74,110,Connecting,2
20,75,280,Connecting,5
20,76,370,Deluxe,4
20,77,280,Connecting,5
20,78,390,Suite,3
20,79,180,Deluxe,2
20,80,560,Apartment-style,3
20,81,220,Connecting,4
20,82,220,Standard,4
20,83,220,Connecting,4
20,84,390,Suite,3
20,85,130,Suite,1
20,86,370,Deluxe,4
20,87,260,Suite,2
20,88,180,Deluxe,2
20,89,110,Standard,2
20,90,370,Deluxe,4
20,91,280,Connecting,5
20,92,330,Connecting,6
20,93,180,Apartment-style,1
20,94,390,Suite,3
20,95,260,Suite,2
20,96,370,Deluxe,4
20,97,370,Apartment-style,2
20,98,520,Suite,4
20,99,280,Connecting,5
20,100,160,Standard,3
20,101,330,Connecting,6
20,102,110,Standard,2
20,103,280,Connecting,5
20,104,370,Apartment-style,2
20,105,110,Standard,2
20,106,330,Connecting,6
20,107,280,Deluxe,3
20,108,280,Connecting,5
20,109,260,Suite,2
20,110,220,Standard,4
20,111,180,Deluxe,2
20,112,50,Standard,1
20,113,130,Suite,1
20,114,220,Connecting,4
20,115,160,Standard,3
20,116,50,Standard,1
20,117,280,Connecting,5
20,118,130,Suite,1
20,119,90,Deluxe,1
20,120,90,Deluxe,1
20,121,370,Deluxe,4
20,122,520,Suite,4
20,123,280,Deluxe,3
20,124,160,Connecting,3
20,125,160,Connecting,3
20,126,180,Deluxe,2
20,127,180,Deluxe,2
20,128,220,Connecting,4
20,129,110,Connecting,2
20,130,110,Standard,2
20,131,180,Apartment-style,1
20,132,520,Suite,4
20,133,180,Apartment-style,1
20,134,750,Apartment-style,4
20,135,130,Suite,1
20,136,220,Standard,4
20,137,160,Connecting,3
20,138,370,Apartment-style,2
20,139,90,Deluxe,1
20,140,160,Connecting,3
20,141,160,Standard,3
20,142,220,Standard,4
20,143,160,Connecting,3
